-- phpMyAdmin SQL Dump
-- version 4.5.1
-- http://www.phpmyadmin.net
--
-- Host: 127.0.0.1
-- Generation Time: Feb 26, 2017 at 07:59 AM
-- Server version: 10.1.13-MariaDB
-- PHP Version: 5.6.23

SET SQL_MODE = "NO_AUTO_VALUE_ON_ZERO";
SET time_zone = "+00:00";


/*!40101 SET @OLD_CHARACTER_SET_CLIENT=@@CHARACTER_SET_CLIENT */;
/*!40101 SET @OLD_CHARACTER_SET_RESULTS=@@CHARACTER_SET_RESULTS */;
/*!40101 SET @OLD_COLLATION_CONNECTION=@@COLLATION_CONNECTION */;
/*!40101 SET NAMES utf8mb4 */;

--
-- Database: `halfpace`
--

-- --------------------------------------------------------

--
-- Table structure for table `activity`
--

CREATE TABLE `activity` (
  `email_id` varchar(100) NOT NULL,
  `activity_type` varchar(40) NOT NULL,
  `description` varchar(100) NOT NULL,
  `timestamp` varchar(100) NOT NULL
) ENGINE=InnoDB DEFAULT CHARSET=latin1;

--
-- Dumping data for table `activity`
--

INSERT INTO `activity` (`email_id`, `activity_type`, `description`, `timestamp`) VALUES
('1@gmail.com', '', 'You Accepted the friend request of 2@gmail.com', '2017-02-04 15:41:10'),
('1@gmail.com', '', 'You declined the friend request of 3@gmail.com', '2017-02-04 15:41:52'),
('1@gmail.com', '', 'You sent friend request to a@gmail.com', '2017-02-04 17:11:25');

-- --------------------------------------------------------

--
-- Table structure for table `all_cities`
--

CREATE TABLE `all_cities` (
  `City_ID` int(10) UNSIGNED NOT NULL,
  `City_Name` varchar(45) NOT NULL DEFAULT '',
  `State_ID` varchar(45) NOT NULL DEFAULT ''
) ENGINE=InnoDB DEFAULT CHARSET=latin1;

-- --------------------------------------------------------

--
-- Table structure for table `cities`
--

CREATE TABLE `cities` (
  `city_id` int(10) UNSIGNED NOT NULL,
  `city_name` varchar(45) NOT NULL DEFAULT '',
  `state_id` int(10) UNSIGNED NOT NULL DEFAULT '0'
) ENGINE=InnoDB DEFAULT CHARSET=latin1;

--
-- Dumping data for table `cities`
--

INSERT INTO `cities` (`city_id`, `city_name`, `state_id`) VALUES
(1, 'Kolhapur', 20),
(2, 'Port Blair', 1),
(3, 'Adilabad', 2),
(4, 'Adoni', 2),
(5, 'Amadalavalasa', 2),
(6, 'Amalapuram', 2),
(7, 'Anakapalle', 2),
(8, 'Anantapur', 2),
(9, 'Badepalle', 2),
(10, 'Banganapalle', 2),
(11, 'Bapatla', 2),
(12, 'Bellampalle', 2),
(13, 'Bethamcherla', 2),
(14, 'Bhadrachalam', 2),
(15, 'Bhainsa', 2),
(16, 'Bheemunipatnam', 2),
(17, 'Bhimavaram', 2),
(18, 'Bhongir', 2),
(19, 'Bobbili', 2),
(20, 'Bodhan', 2),
(21, 'Chilakaluripet', 2),
(22, 'Chirala', 2),
(23, 'Chittoor', 2),
(24, 'Cuddapah', 2),
(25, 'Devarakonda', 2),
(26, 'Dharmavaram', 2),
(27, 'Eluru', 2),
(28, 'Farooqnagar', 2),
(29, 'Gadwal', 2),
(30, 'Gooty', 2),
(31, 'Gudivada', 2),
(32, 'Gudur', 2),
(33, 'Guntakal', 2),
(34, 'Guntur', 2),
(35, 'Hanuman Junction', 2),
(36, 'Hindupur', 2),
(37, 'Hyderabad', 2),
(38, 'Ichchapuram', 2),
(39, 'Jaggaiahpet', 2),
(40, 'Jagtial', 2),
(41, 'Jammalamadugu', 2),
(42, 'Jangaon', 2),
(43, 'Kadapa', 2),
(44, 'Kadiri', 2),
(45, 'Kagaznagar', 2),
(46, 'Kakinada', 2),
(47, 'Kalyandurg', 2),
(48, 'Kamareddy', 2),
(49, 'Kandukur', 2),
(50, 'Karimnagar', 2),
(51, 'Kavali', 2),
(52, 'Khammam', 2),
(53, 'Koratla', 2),
(54, 'Kothagudem', 2),
(55, 'Kothapeta', 2),
(56, 'Kovvur', 2),
(57, 'Kurnool', 2),
(58, 'Kyathampalle', 2),
(59, 'Macherla', 2),
(60, 'Machilipatnam', 2),
(61, 'Madanapalle', 2),
(62, 'Mahbubnagar', 2),
(63, 'Mancherial', 2),
(64, 'Mandamarri', 2),
(65, 'Mandapeta', 2),
(66, 'Manuguru', 2),
(67, 'Markapur', 2),
(68, 'Medak', 2),
(69, 'Miryalaguda', 2),
(70, 'Mogalthur', 2),
(71, 'Nagari', 2),
(72, 'Nagarkurnool', 2),
(73, 'Nandyal', 2),
(74, 'Narasapur', 2),
(75, 'Narasaraopet', 2),
(76, 'Narayanpet', 2),
(77, 'Narsipatnam', 2),
(78, 'Nellore', 2),
(79, 'Nidadavole', 2),
(80, 'Nirmal', 2),
(81, 'Nizamabad', 2),
(82, 'Nuzvid', 2),
(83, 'Ongole', 2),
(84, 'Palacole', 2),
(85, 'Palasa Kasibugga', 2),
(86, 'Palwancha', 2),
(87, 'Parvathipuram', 2),
(88, 'Pedana', 2),
(89, 'Peddapuram', 2),
(90, 'Pithapuram', 2),
(91, 'Pondur', 2),
(92, 'Ponnur', 2),
(93, 'Proddatur', 2),
(94, 'Punganur', 2),
(95, 'Puttur', 2),
(96, 'Rajahmundry', 2),
(97, 'Rajam', 2),
(98, 'Ramachandrapuram', 2),
(99, 'Ramagundam', 2),
(100, 'Rayachoti', 2),
(101, 'Rayadurg', 2),
(102, 'Renigunta', 2),
(103, 'Repalle', 2),
(104, 'Sadasivpet', 2),
(105, 'Salur', 2),
(106, 'Samalkot', 2),
(107, 'Sangareddy', 2),
(108, 'Sattenapalle', 2),
(109, 'Siddipet', 2),
(110, 'Singapur', 2),
(111, 'Sircilla', 2),
(112, 'Srikakulam', 2),
(113, 'Srikalahasti', 2),
(115, 'Suryapet', 2),
(116, 'Tadepalligudem', 2),
(117, 'Tadpatri', 2),
(118, 'Tandur', 2),
(119, 'Tanuku', 2),
(120, 'Tenali', 2),
(121, 'Tirupati', 2),
(122, 'Tuni', 2),
(123, 'Uravakonda', 2),
(124, 'Venkatagiri', 2),
(125, 'Vicarabad', 2),
(126, 'Vijayawada', 2),
(127, 'Vinukonda', 2),
(128, 'Visakhapatnam', 2),
(129, 'Vizianagaram', 2),
(130, 'Wanaparthy', 2),
(131, 'Warangal', 2),
(132, 'Yellandu', 2),
(133, 'Yemmiganur', 2),
(134, 'Yerraguntla', 2),
(135, 'Zahirabad', 2),
(136, 'Rajampet', 2),
(137, 'Along', 3),
(138, 'Bomdila', 3),
(139, 'Itanagar', 3),
(140, 'Naharlagun', 3),
(141, 'Pasighat', 3),
(142, 'Abhayapuri', 4),
(143, 'Amguri', 4),
(144, 'Anandnagaar', 4),
(145, 'Barpeta', 4),
(146, 'Barpeta Road', 4),
(147, 'Bilasipara', 4),
(148, 'Bongaigaon', 4),
(149, 'Dhekiajuli', 4),
(150, 'Dhubri', 4),
(151, 'Dibrugarh', 4),
(152, 'Digboi', 4),
(153, 'Diphu', 4),
(154, 'Dispur', 4),
(156, 'Gauripur', 4),
(157, '10lpara', 4),
(158, 'Golaghat', 4),
(159, 'Guwahati', 4),
(160, 'Haflong', 4),
(161, 'Hailakandi', 4),
(162, 'Hojai', 4),
(163, 'Jorhat', 4),
(164, 'Karimganj', 4),
(165, 'Kokrajhar', 4),
(166, 'Lanka', 4),
(167, 'Lumding', 4),
(168, 'Mangaldoi', 4),
(169, 'Mankachar', 4),
(170, 'Margherita', 4),
(171, 'Mariani', 4),
(172, 'Marigaon', 4),
(173, 'Nagaon', 4),
(174, 'Nalbari', 4),
(175, 'North Lakhimpur', 4),
(176, 'Rangia', 4),
(177, 'Sibsagar', 4),
(178, 'Silapathar', 4),
(179, 'Silchar', 4),
(180, 'Tezpur', 4),
(181, 'Tinsukia', 4),
(182, 'Amarpur', 5),
(183, 'Araria', 5),
(184, 'Areraj', 5),
(185, 'Arrah', 5),
(186, 'Asarganj', 5),
(187, 'Aurangabad', 5),
(188, 'Bagaha', 5),
(189, 'Bahadurganj', 5),
(190, 'Bairgania', 5),
(191, 'Bakhtiarpur', 5),
(192, 'Banka', 5),
(193, 'Banmankhi Bazar', 5),
(194, 'Barahiya', 5),
(195, 'Barauli', 5),
(196, 'Barbigha', 5),
(197, 'Barh', 5),
(198, 'Begusarai', 5),
(199, 'Behea', 5),
(200, 'Bettiah', 5),
(201, 'Bhabua', 5),
(202, 'Bhagalpur', 5),
(203, '5 Sharif', 5),
(204, 'Bikramganj', 5),
(205, 'Bodh Gaya', 5),
(206, 'Buxar', 5),
(207, 'Chandan Bara', 5),
(208, 'Chanpatia', 5),
(209, 'Chhapra', 5),
(210, 'Colgong', 5),
(211, 'Dalsinghsarai', 5),
(212, 'Darbhanga', 5),
(213, 'Daudnagar', 5),
(214, 'Dehri-on-Sone', 5),
(215, 'Dhaka', 5),
(216, 'Dighwara', 5),
(217, 'Dumraon', 5),
(218, 'Fatwah', 5),
(219, 'Forbesganj', 5),
(220, 'Gaya', 5),
(221, 'Gogri Jamalpur', 5),
(222, 'Gopalganj', 5),
(223, 'Hajipur', 5),
(224, 'Hilsa', 5),
(225, 'Hisua', 5),
(226, 'Islampur', 5),
(227, 'Jagdispur', 5),
(228, 'Jamalpur', 5),
(229, 'Jamui', 5),
(230, 'Jehanabad', 5),
(231, 'Jhajha', 5),
(232, 'Jhanjharpur', 5),
(233, 'Jogabani', 5),
(234, 'Kanti', 5),
(235, 'Katihar', 5),
(236, 'Khagaria', 5),
(237, 'Kharagpur', 5),
(238, 'Kishanganj', 5),
(239, 'Lakhisarai', 5),
(240, 'Lalganj', 5),
(241, 'Madhepura', 5),
(242, 'Madhubani', 5),
(243, 'Maharajganj', 5),
(244, 'Mahnar Bazar', 5),
(245, 'Makhdumpur', 5),
(246, 'Maner', 5),
(247, 'Manihari', 5),
(248, 'Marhaura', 5),
(249, 'Masaurhi', 5),
(250, 'Mirganj', 5),
(251, 'Mokameh', 5),
(252, 'Motihari', 5),
(253, 'Motipur', 5),
(254, 'Munger', 5),
(255, 'Murliganj', 5),
(256, 'Muzaffarpur', 5),
(257, 'Narkatiaganj', 5),
(258, 'Naugachhia', 5),
(259, 'Nawada', 5),
(260, 'Nokha', 5),
(261, 'Patna', 5),
(262, 'Piro', 5),
(263, 'Purnia', 5),
(264, 'Rafiganj', 5),
(265, 'Rajgir', 5),
(266, 'Ramnagar', 5),
(267, 'Raxaul Bazar', 5),
(268, 'Revelganj', 5),
(269, 'Rosera', 5),
(270, 'Saharsa', 5),
(271, 'Samastipur', 5),
(272, 'Sasaram', 5),
(273, 'Sheikhpura', 5),
(274, 'Sheohar', 5),
(275, 'Sherghati', 5),
(276, 'Silao', 5),
(277, 'Sitamarhi', 5),
(278, 'Siwan', 5),
(279, 'Sonepur', 5),
(280, 'Sugauli', 5),
(281, 'Sultanganj', 5),
(282, 'Supaul', 5),
(283, 'Warisaliganj', 5),
(284, 'Ahiwara', 7),
(285, 'Akaltara', 7),
(286, 'Ambagarh Chowki', 7),
(287, 'Ambikapur', 7),
(288, 'Arang', 7),
(289, 'Bade Bacheli', 7),
(290, 'Balod', 7),
(291, 'Baloda Bazar', 7),
(292, 'Bemetra', 7),
(293, 'Bhatapara', 7),
(294, 'Bilaspur', 7),
(295, 'Birgaon', 7),
(296, 'Champa', 7),
(297, 'Chirmiri', 7),
(298, 'Dalli-Rajhara', 7),
(299, 'Dhamtari', 7),
(300, 'Dipka', 7),
(301, 'Dongargarh', 7),
(302, 'Durg-Bhilai Nagar', 7),
(303, 'Gobranawapara', 7),
(304, 'Jagdalpur', 7),
(305, 'Janjgir', 7),
(306, 'Jashpurnagar', 7),
(307, 'Kanker', 7),
(308, 'Kawardha', 7),
(309, 'Kondagaon', 7),
(310, 'Korba', 7),
(311, 'Mahasamund', 7),
(312, 'Mahendragarh', 7),
(313, 'Mungeli', 7),
(314, 'Naila Janjgir', 7),
(315, 'Raigarh', 7),
(316, 'Raipur', 7),
(317, 'Rajnandgaon', 7),
(318, 'Sakti', 7),
(319, 'Tilda Newra', 7),
(320, 'Amli', 8),
(321, 'Silvassa', 8),
(322, 'Daman and Diu', 9),
(323, 'Daman and Diu', 9),
(324, 'Asola', 25),
(325, '25', 25),
(326, 'Aldona', 10),
(327, 'Curchorem Cacora', 10),
(328, 'Madgaon', 10),
(329, 'Mapusa', 10),
(330, 'Margao', 10),
(331, 'Marmagao', 10),
(332, 'Panaji', 10),
(333, 'Ahmedabad', 11),
(334, 'Amreli', 11),
(335, 'Anand', 11),
(336, 'Ankleshwar', 11),
(337, 'Bharuch', 11),
(338, 'Bhavnagar', 11),
(339, 'Bhuj', 11),
(340, 'Cambay', 11),
(341, 'Dahod', 11),
(342, 'Deesa', 11),
(343, '"Dharampur', 11),
(344, 'Dholka', 11),
(345, 'Gandhinagar', 11),
(346, 'Godhra', 11),
(347, 'Himatnagar', 11),
(348, 'Idar', 11),
(349, 'Jamnagar', 11),
(350, 'Junagadh', 11),
(351, 'Kadi', 11),
(352, 'Kalavad', 11),
(353, 'Kalol', 11),
(354, 'Kapadvanj', 11),
(355, 'Karjan', 11),
(356, 'Keshod', 11),
(357, 'Khambhalia', 11),
(358, 'Khambhat', 11),
(359, 'Kheda', 11),
(360, 'Khedbrahma', 11),
(361, 'Kheralu', 11),
(362, 'Kodinar', 11),
(363, 'Lathi', 11),
(364, 'Limbdi', 11),
(365, 'Lunawada', 11),
(366, 'Mahesana', 11),
(367, 'Mahuva', 11),
(368, 'Manavadar', 11),
(369, 'Mandvi', 11),
(370, 'Mangrol', 11),
(371, 'Mansa', 11),
(372, 'Mehmedabad', 11),
(373, 'Modasa', 11),
(374, 'Morvi', 11),
(375, 'Nadiad', 11),
(376, 'Navsari', 11),
(377, 'Padra', 11),
(378, 'Palanpur', 11),
(379, 'Palitana', 11),
(380, 'Pardi', 11),
(381, 'Patan', 11),
(382, 'Petlad', 11),
(383, 'Porbandar', 11),
(384, 'Radhanpur', 11),
(385, 'Rajkot', 11),
(386, 'Rajpipla', 11),
(387, 'Rajula', 11),
(388, 'Ranavav', 11),
(389, 'Rapar', 11),
(390, 'Salaya', 11),
(391, 'Sanand', 11),
(392, 'Savarkundla', 11),
(393, 'Sidhpur', 11),
(394, 'Sihor', 11),
(395, 'Songadh', 11),
(396, 'Surat', 11),
(397, 'Talaja', 11),
(398, 'Thangadh', 11),
(399, 'Tharad', 11),
(400, 'Umbergaon', 11),
(401, 'Umreth', 11),
(402, 'Una', 11),
(403, 'Unjha', 11),
(404, 'Upleta', 11),
(405, 'Vadnagar', 11),
(406, 'Vadodara', 11),
(407, 'Valsad', 11),
(408, 'Vapi', 11),
(409, 'Vapi', 11),
(410, 'Veraval', 11),
(411, 'Vijapur', 11),
(412, 'Viramgam', 11),
(413, 'Visnagar', 11),
(414, 'Vyara', 11),
(415, 'Wadhwan', 11),
(416, 'Wankaner', 11),
(417, 'Adalaj', 11),
(418, 'Adityana', 11),
(419, 'Alang', 11),
(420, 'Ambaji', 11),
(421, 'Ambaliyasan', 11),
(422, 'Andada', 11),
(423, 'Anjar', 11),
(424, 'Anklav', 11),
(425, 'Antaliya', 11),
(426, 'Arambhada', 11),
(427, 'Atul', 11),
(428, 'Ballabhgarh', 12),
(429, 'Ambala', 12),
(430, 'Ambala', 12),
(431, 'Asankhurd', 12),
(432, 'Assandh', 12),
(433, 'Ateli', 12),
(434, 'Babiyal', 12),
(435, 'Bahadurgarh', 12),
(436, 'Barwala', 12),
(437, 'Bhiwani', 12),
(438, 'Charkhi Dadri', 12),
(439, 'Cheeka', 12),
(440, 'Ellenabad 2', 12),
(441, 'Faridabad', 12),
(442, 'Fatehabad', 12),
(443, 'Ganaur', 12),
(444, 'Gharaunda', 12),
(445, 'Gohana', 12),
(446, 'Gurgaon', 12),
(447, 'Haibat(Yamuna Nagar)', 12),
(448, 'Hansi', 12),
(449, 'Hisar', 12),
(450, 'Hodal', 12),
(451, 'Jhajjar', 12),
(452, 'Jind', 12),
(453, 'Kaithal', 12),
(454, 'Kalan Wali', 12),
(455, 'Kalka', 12),
(456, 'Karnal', 12),
(457, 'Ladwa', 12),
(458, 'Mahendragarh', 12),
(459, 'Mandi Dabwali', 12),
(460, 'Narnaul', 12),
(461, 'Narwana', 12),
(462, 'Palwal', 12),
(463, 'Panchkula', 12),
(464, 'Panipat', 12),
(465, 'Pehowa', 12),
(466, 'Pinjore', 12),
(467, 'Rania', 12),
(468, 'Ratia', 12),
(469, 'Rewari', 12),
(470, 'Rohtak', 12),
(471, 'Safidon', 12),
(472, 'Samalkha', 12),
(473, 'Shahbad', 12),
(474, 'Sirsa', 12),
(475, 'Sohna', 12),
(476, 'Sonipat', 12),
(477, 'Taraori', 12),
(478, 'Thanesar', 12),
(479, 'Tohana', 12),
(480, 'Yamunanagar', 12),
(481, 'Arki', 13),
(482, 'Baddi', 13),
(483, 'Bilaspur', 13),
(484, 'Chamba', 13),
(485, 'Dalhousie', 13),
(486, 'Dharamsala', 13),
(487, 'Hamirpur', 13),
(488, 'Mandi', 13),
(489, 'Nahan', 13),
(490, 'Shimla', 13),
(491, 'Solan', 13),
(492, 'Sundarnagar', 13),
(493, 'Jammu', 14),
(494, 'Achabbal', 14),
(495, 'Akhnoor', 14),
(496, 'Anantnag', 14),
(497, 'Arnia', 14),
(498, 'Awantipora', 14),
(499, 'Bandipore', 14),
(500, 'Baramula', 14),
(501, 'Kathua', 14),
(502, 'Leh', 14),
(503, 'Punch', 14),
(504, 'Rajauri', 14),
(505, 'Sopore', 14),
(506, 'Srinagar', 14),
(507, 'Udhampur', 14),
(508, 'Amlabad', 15),
(509, 'Ara', 15),
(510, 'Barughutu', 15),
(511, 'Bokaro Steel City', 15),
(512, 'Chaibasa', 15),
(513, 'Chakradharpur', 15),
(514, 'Chandrapura', 15),
(515, 'Chatra', 15),
(516, 'Chirkunda', 15),
(517, 'Churi', 15),
(518, 'Daltonganj', 15),
(519, 'Deoghar', 15),
(520, 'Dhanbad', 15),
(521, 'Dumka', 15),
(522, 'Garhwa', 15),
(523, 'Ghatshila', 15),
(524, 'Giridih', 15),
(525, 'Godda', 15),
(526, 'Gomoh', 15),
(527, 'Gumia', 15),
(528, 'Gumla', 15),
(529, 'Hazaribag', 15),
(530, 'Hussainabad', 15),
(531, 'Jamshedpur', 15),
(532, 'Jamtara', 15),
(533, 'Jhumri Tilaiya', 15),
(534, 'Khunti', 15),
(535, 'Lohardaga', 15),
(536, 'Madhupur', 15),
(537, 'Mihijam', 15),
(538, 'Musabani', 15),
(539, 'Pakaur', 15),
(540, 'Patratu', 15),
(541, 'Phusro', 15),
(542, 'Ramngarh', 15),
(543, 'Ranchi', 15),
(544, 'Sahibganj', 15),
(545, 'Saunda', 15),
(546, 'Simdega', 15),
(547, 'Tenu Dam-cum- Kathhara', 15),
(548, 'Arasikere', 16),
(549, 'Bangalore', 16),
(550, 'Belgaum', 16),
(551, 'Bellary', 16),
(552, 'Chamrajnagar', 16),
(553, 'Chikkaballapur', 16),
(554, 'Chintamani', 16),
(555, 'Chitradurga', 16),
(556, 'Gulbarga', 16),
(557, 'Gundlupet', 16),
(558, 'Hassan', 16),
(559, 'Hospet', 16),
(560, 'Hubli', 16),
(561, 'Karkala', 16),
(562, 'Karwar', 16),
(563, 'Kolar', 16),
(564, 'Kota', 16),
(565, 'Lakshmeshwar', 16),
(566, 'Lingsugur', 16),
(567, 'Maddur', 16),
(568, 'Madhugiri', 16),
(569, 'Madikeri', 16),
(570, 'Magadi', 16),
(571, 'Mahalingpur', 16),
(572, 'Malavalli', 16),
(573, 'Malur', 16),
(574, 'Mandya', 16),
(575, 'Mangalore', 16),
(576, 'Manvi', 16),
(577, 'Mudalgi', 16),
(578, 'Mudbidri', 16),
(579, 'Muddebihal', 16),
(580, 'Mudhol', 16),
(581, 'Mulbagal', 16),
(582, 'Mundargi', 16),
(583, 'Mysore', 16),
(584, 'Nanjangud', 16),
(585, 'Pavagada', 16),
(586, 'Puttur', 16),
(587, 'Rabkavi Banhatti', 16),
(588, 'Raichur', 16),
(589, 'Ramanagaram', 16),
(590, 'Ramdurg', 16),
(591, 'Ranibennur', 16),
(592, 'Robertson Pet', 16),
(593, 'Ron', 16),
(594, 'Sadalgi', 16),
(595, 'Sagar', 16),
(596, 'Sakleshpur', 16),
(597, 'Sandur', 16),
(598, 'Sankeshwar', 16),
(599, 'Saundatti-Yellamma', 16),
(600, 'Savanur', 16),
(601, 'Sedam', 16),
(602, 'Shahabad', 16),
(603, 'Shahpur', 16),
(604, 'Shiggaon', 16),
(605, 'Shikapur', 16),
(606, 'Shimoga', 16),
(607, 'Shorapur', 16),
(608, 'Shrirangapattana', 16),
(609, 'Sidlaghatta', 16),
(610, 'Sindgi', 16),
(611, 'Sindhnur', 16),
(612, 'Sira', 16),
(613, 'Sirsi', 16),
(614, 'Siruguppa', 16),
(615, 'Srinivaspur', 16),
(616, 'Talikota', 16),
(617, 'Tarikere', 16),
(618, 'Tekkalakota', 16),
(619, 'Terdal', 16),
(620, 'Tiptur', 16),
(621, 'Tumkur', 16),
(622, 'Udupi', 16),
(623, 'Vijayapura', 16),
(624, 'Wadi', 16),
(625, 'Yadgir', 16),
(626, 'Adoor', 17),
(627, 'Akathiyoor', 17),
(628, 'Alappuzha', 17),
(629, 'Ancharakandy', 17),
(630, 'Aroor', 17),
(631, 'Ashtamichira', 17),
(632, 'Attingal', 17),
(633, 'Avinissery', 17),
(634, 'Chalakudy', 17),
(635, 'Changanassery', 17),
(636, 'Chendamangalam', 17),
(637, 'Chengannur', 17),
(638, 'Cherthala', 17),
(639, 'Cheruthazham', 17),
(640, 'Chittur-Thathamangalam', 17),
(641, 'Chockli', 17),
(642, 'Erattupetta', 17),
(643, 'Guruvayoor', 17),
(644, 'Irinjalakuda', 17),
(645, 'Kadirur', 17),
(646, 'Kalliasseri', 17),
(647, 'Kalpetta', 17),
(648, 'Kanhangad', 17),
(649, 'Kanjikkuzhi', 17),
(650, 'Kannur', 17),
(651, 'Kasaragod', 17),
(652, 'Kayamkulam', 17),
(653, 'Kochi', 17),
(654, 'Kodungallur', 17),
(655, 'Kollam', 17),
(656, 'Koothuparamba', 17),
(657, 'Kothamangalam', 17),
(658, 'Kottayam', 17),
(659, 'Kozhikode', 17),
(660, 'Kunnamkulam', 17),
(661, 'Malappuram', 17),
(662, 'Mattannur', 17),
(663, 'Mavelikkara', 17),
(664, 'Mavoor', 17),
(665, 'Muvattupuzha', 17),
(666, 'Nedumangad', 17),
(667, 'Neyyattinkara', 17),
(668, 'Ottappalam', 17),
(669, 'Palai', 17),
(670, 'Palakkad', 17),
(671, 'Panniyannur', 17),
(672, 'Pappinisseri', 17),
(673, 'Paravoor', 17),
(674, 'Pathanamthitta', 17),
(675, 'Payyannur', 17),
(676, 'Peringathur', 17),
(677, 'Perinthalmanna', 17),
(678, 'Perumbavoor', 17),
(679, 'Ponnani', 17),
(680, 'Punalur', 17),
(681, 'Quilandy', 17),
(682, 'Shoranur', 17),
(683, 'Taliparamba', 17),
(684, 'Thiruvalla', 17),
(685, 'Thiruvananthapuram', 17),
(686, 'Thodupuzha', 17),
(687, 'Thrissur', 17),
(688, 'Tirur', 17),
(689, 'Vadakara', 17),
(690, 'Vaikom', 17),
(691, 'Varkala', 17),
(692, 'Kavaratti', 18),
(693, 'Ashok Nagar', 19),
(694, 'Balaghat', 19),
(695, 'Betul', 19),
(696, 'Bhopal', 19),
(697, 'Burhanpur', 19),
(698, 'Chhatarpur', 19),
(699, 'Dabra', 19),
(700, 'Datia', 19),
(701, 'Dewas', 19),
(702, 'Dhar', 19),
(703, 'Fatehabad', 19),
(704, 'Gwalior', 19),
(705, 'Indore', 19),
(706, 'Itarsi', 19),
(707, 'Jabalpur', 19),
(708, 'Katni', 19),
(709, 'Kotma', 19),
(710, 'Lahar', 19),
(711, 'Lundi', 19),
(712, 'Maharajpur', 19),
(713, 'Mahidpur', 19),
(714, 'Maihar', 19),
(715, 'Malajkhand', 19),
(716, 'Manasa', 19),
(717, 'Manawar', 19),
(718, 'Mandideep', 19),
(719, 'Mandla', 19),
(720, 'Mandsaur', 19),
(721, 'Mauganj', 19),
(722, 'Mhow Cantonment', 19),
(723, 'Mhowgaon', 19),
(724, 'Morena', 19),
(725, 'Multai', 19),
(726, 'Murwara', 19),
(727, 'Nagda', 19),
(728, 'Nainpur', 19),
(729, 'Narsinghgarh', 19),
(730, 'Narsinghgarh', 19),
(731, 'Neemuch', 19),
(732, 'Nepanagar', 19),
(733, 'Niwari', 19),
(734, 'Nowgong', 19),
(735, 'Nowrozabad', 19),
(736, 'Pachore', 19),
(737, 'Pali', 19),
(738, 'Panagar', 19),
(739, 'Pandhurna', 19),
(740, 'Panna', 19),
(741, 'Pasan', 19),
(742, 'Pipariya', 19),
(743, 'Pithampur', 19),
(744, 'Porsa', 19),
(745, 'Prithvipur', 19),
(746, 'Raghogarh-Vijaypur', 19),
(747, 'Rahatgarh', 19),
(748, 'Raisen', 19),
(749, 'Rajgarh', 19),
(750, 'Ratlam', 19),
(751, 'Rau', 19),
(752, 'Rehli', 19),
(753, 'Rewa', 19),
(754, 'Sabalgarh', 19),
(755, 'Sagar', 19),
(756, 'Sanawad', 19),
(757, 'Sarangpur', 19),
(758, 'Sarni', 19),
(759, 'Satna', 19),
(760, 'Sausar', 19),
(761, 'Sehore', 19),
(762, 'Sendhwa', 19),
(763, 'Seoni', 19),
(764, 'Seoni-Malwa', 19),
(765, 'Shahdol', 19),
(766, 'Shajapur', 19),
(767, 'Shamgarh', 19),
(768, 'Sheopur', 19),
(769, 'Shivpuri', 19),
(770, 'Shujalpur', 19),
(771, 'Sidhi', 19),
(772, 'Sihora', 19),
(773, 'Singrauli', 19),
(774, 'Sironj', 19),
(775, 'Sohagpur', 19),
(776, 'Tarana', 19),
(777, 'Tikamgarh', 19),
(778, 'Ujhani', 19),
(779, 'Ujjain', 19),
(780, 'Umaria', 19),
(781, 'Vidisha', 19),
(782, 'Wara Seoni', 19),
(783, 'Ahmednagar', 20),
(784, 'Akola', 20),
(785, 'Amravati', 20),
(786, 'Aurangabad', 20),
(787, 'Baramati', 20),
(788, 'Chalisgaon', 20),
(789, 'Chinchani', 20),
(790, 'Devgarh', 20),
(791, 'Dhule', 20),
(792, 'Dombivli', 20),
(793, 'Durgapur', 20),
(794, 'Ichalkaranji', 20),
(795, 'Jalna', 20),
(796, 'Kalyan', 20),
(797, 'Latur', 20),
(798, 'Loha', 20),
(799, 'Lonar', 20),
(800, 'Lonavla', 20),
(801, 'Mahad', 20),
(802, 'Mahuli', 20),
(803, 'Malegaon', 20),
(804, 'Malkapur', 20),
(805, 'Manchar', 20),
(806, 'Mangalvedhe', 20),
(807, 'Mangrulpir', 20),
(808, 'Manjlegaon', 20),
(809, 'Manmad', 20),
(810, 'Manwath', 20),
(811, 'Mehkar', 20),
(812, 'Mhaswad', 20),
(813, 'Miraj', 20),
(814, 'Morshi', 20),
(815, 'Mukhed', 20),
(816, 'Mul', 20),
(817, 'Mumbai', 20),
(818, 'Murtijapur', 20),
(819, 'Nagpur', 20),
(820, 'Nalasopara', 20),
(821, 'Nanded-Waghala', 20),
(822, 'Nandgaon', 20),
(823, 'Nandura', 20),
(824, 'Nandurbar', 20),
(825, 'Narkhed', 20),
(826, 'Nashik', 20),
(827, 'Navi Mumbai', 20),
(828, 'Nawapur', 20),
(829, 'Nilanga', 20),
(830, 'Osmanabad', 20),
(831, 'Ozar', 20),
(832, 'Pachora', 20),
(833, 'Paithan', 20),
(834, 'Palghar', 20),
(835, 'Pandharkaoda', 20),
(836, 'Pandharpur', 20),
(837, 'Panvel', 20),
(838, 'Parbhani', 20),
(839, 'Parli', 20),
(840, 'Parola', 20),
(841, 'Partur', 20),
(842, 'Pathardi', 20),
(843, 'Pathri', 20),
(844, 'Patur', 20),
(845, 'Pauni', 20),
(846, 'Pen', 20),
(847, 'Phaltan', 20),
(848, 'Pulgaon', 20),
(849, 'Pune', 20),
(850, 'Purna', 20),
(851, 'Pusad', 20),
(852, 'Rahuri', 20),
(853, 'Rajura', 20),
(854, 'Ramtek', 20),
(855, 'Ratnagiri', 20),
(856, 'Raver', 20),
(857, 'Risod', 20),
(858, 'Sailu', 20),
(859, 'Sangamner', 20),
(860, 'Sangli', 20),
(861, 'Sangole', 20),
(862, 'Sasvad', 20),
(863, 'Satana', 20),
(864, 'Satara', 20),
(865, 'Savner', 20),
(866, 'Sawantwadi', 20),
(867, 'Shahade', 20),
(868, 'Shegaon', 20),
(869, 'Shendurjana', 20),
(870, 'Shirdi', 20),
(871, 'Shirpur-Warwade', 20),
(872, 'Shirur', 20),
(873, 'Shrigonda', 20),
(874, 'Shrirampur', 20),
(875, 'Sillod', 20),
(876, 'Sinnar', 20),
(877, 'Solapur', 20),
(878, 'Soyagaon', 20),
(879, 'Talegaon Dabhade', 20),
(880, 'Talode', 20),
(881, 'Tasgaon', 20),
(882, 'Tirora', 20),
(883, 'Tuljapur', 20),
(884, 'Tumsar', 20),
(885, 'Uran', 20),
(886, 'Uran Islampur', 20),
(887, 'Wadgaon Road', 20),
(888, 'Wai', 20),
(889, 'Wani', 20),
(890, 'Wardha', 20),
(891, 'Warora', 20),
(892, 'Warud', 20),
(893, 'Washim', 20),
(894, 'Yevla', 20),
(895, 'Uchgaon', 20),
(896, 'Udgir', 20),
(897, 'Umarga', 20),
(898, 'Umarkhed', 20),
(899, 'Umred', 20),
(900, 'Vadgaon Kasba', 20),
(901, 'Vaijapur', 20),
(902, 'Vasai', 20),
(903, 'Virar', 20),
(904, 'Vita', 20),
(905, 'Yavatmal', 20),
(906, 'Yawal', 20),
(907, 'Imphal', 21),
(908, 'Kakching', 21),
(909, 'Lilong', 21),
(910, 'Mayang Imphal', 21),
(911, 'Thoubal', 21),
(912, 'Jowai', 22),
(913, 'Nongstoin', 22),
(914, 'Shillong', 22),
(915, 'Tura', 22),
(916, 'Aizawl', 23),
(917, 'Champhai', 23),
(918, 'Lunglei', 23),
(919, 'Saiha', 23),
(920, 'Dimapur', 24),
(921, 'Kohima', 24),
(922, 'Mokokchung', 24),
(923, 'Tuensang', 24),
(924, 'Wokha', 24),
(925, 'Zunheboto', 24),
(950, 'Anandapur', 26),
(951, 'Anugul', 26),
(952, 'Asika', 26),
(953, 'Balangir', 26),
(954, 'Balasore', 26),
(955, 'Baleshwar', 26),
(956, 'Bamra', 26),
(957, 'Barbil', 26),
(958, 'Bargarh', 26),
(959, 'Bargarh', 26),
(960, 'Baripada', 26),
(961, 'Basudebpur', 26),
(962, 'Belpahar', 26),
(963, 'Bhadrak', 26),
(964, 'Bhawanipatna', 26),
(965, 'Bhuban', 26),
(966, 'Bhubaneswar', 26),
(967, 'Biramitrapur', 26),
(968, 'Brahmapur', 26),
(969, 'Brajrajnagar', 26),
(970, 'Byasanagar', 26),
(971, 'Cuttack', 26),
(972, 'Debagarh', 26),
(973, 'Dhenkanal', 26),
(974, 'Gunupur', 26),
(975, 'Hinjilicut', 26),
(976, 'Jagatsinghapur', 26),
(977, 'Jajapur', 26),
(978, 'Jaleswar', 26),
(979, 'Jatani', 26),
(980, 'Jeypur', 26),
(981, 'Jharsuguda', 26),
(982, 'Joda', 26),
(983, 'Kantabanji', 26),
(984, 'Karanjia', 26),
(985, 'Kendrapara', 26),
(986, 'Kendujhar', 26),
(987, 'Khordha', 26),
(988, 'Koraput', 26),
(989, 'Malkangiri', 26),
(990, 'Nabarangapur', 26),
(991, 'Paradip', 26),
(992, 'Parlakhemundi', 26),
(993, 'Pattamundai', 26),
(994, 'Phulabani', 26),
(995, 'Puri', 26),
(996, 'Rairangpur', 26),
(997, 'Rajagangapur', 26),
(998, 'Raurkela', 26),
(999, 'Rayagada', 26),
(1000, 'Sambalpur', 26),
(1001, 'Soro', 26),
(1002, 'Sunabeda', 26),
(1003, 'Sundargarh', 26),
(1004, 'Talcher', 26),
(1005, 'Titlagarh', 26),
(1006, 'Umarkote', 26),
(1007, 'Karaikal', 27),
(1008, 'Mahe', 27),
(1009, '27', 27),
(1010, 'Yanam', 27),
(1011, 'Ahmedgarh', 28),
(1012, 'Amritsar', 28),
(1013, 'Barnala', 28),
(1014, 'Batala', 28),
(1015, 'Bathinda', 28),
(1016, 'Bhagha Purana', 28),
(1017, 'Budhlada', 28),
(1018, 'Chandigarh', 28),
(1019, 'Dasua', 28),
(1020, 'Dhuri', 28),
(1021, 'Dinanagar', 28),
(1022, 'Faridkot', 28),
(1023, 'Fazilka', 28),
(1024, 'Firozpur', 28),
(1025, 'Firozpur Cantt.', 28),
(1026, 'Giddarbaha', 28),
(1027, 'Gobindgarh', 28),
(1028, 'Gurdaspur', 28),
(1029, 'Hoshiarpur', 28),
(1030, 'Jagraon', 28),
(1031, 'Jaitu', 28),
(1032, 'Jalalabad', 28),
(1033, 'Jalandhar', 28),
(1034, 'Jalandhar Cantt.', 28),
(1035, 'Jandiala', 28),
(1036, 'Kapurthala', 28),
(1037, 'Karoran', 28),
(1038, 'Kartarpur', 28),
(1039, 'Khanna', 28),
(1040, 'Kharar', 28),
(1041, 'Kot Kapura', 28),
(1042, 'Kurali', 28),
(1043, 'Longowal', 28),
(1044, 'Ludhiana', 28),
(1045, 'Malerkotla', 28),
(1046, 'Malout', 28),
(1047, 'Mansa', 28),
(1048, 'Maur', 28),
(1049, 'Moga', 28),
(1050, 'Mohali', 28),
(1051, 'Morinda', 28),
(1052, 'Mukerian', 28),
(1053, 'Muktsar', 28),
(1054, 'Nabha', 28),
(1055, 'Nakodar', 28),
(1056, 'Nangal', 28),
(1057, 'Nawanshahr', 28),
(1058, 'Pathankot', 28),
(1059, 'Patiala', 28),
(1060, 'Patran', 28),
(1061, 'Patti', 28),
(1062, 'Phagwara', 28),
(1063, 'Phillaur', 28),
(1064, 'Qadian', 28),
(1065, 'Raikot', 28),
(1066, 'Rajpura', 28),
(1067, 'Rampura Phul', 28),
(1068, 'Rupnagar', 28),
(1069, 'Samana', 28),
(1070, 'Sangrur', 28),
(1071, 'Sirhind Fatehgarh Sahib', 28),
(1072, 'Sujanpur', 28),
(1073, 'Sunam', 28),
(1074, 'Talwara', 28),
(1075, 'Tarn Taran', 28),
(1076, 'Urmar Tanda', 28),
(1077, 'Zira', 28),
(1078, 'Zirakpur', 28),
(1079, 'Bali', 29),
(1080, 'Banswara', 29),
(1081, 'Ajmer', 29),
(1082, 'Alwar', 29),
(1083, 'Bandikui', 29),
(1084, 'Baran', 29),
(1085, 'Barmer', 29),
(1086, 'Bikaner', 29),
(1087, 'Fatehpur', 29),
(1088, 'Jaipur', 29),
(1089, 'Jaisalmer', 29),
(1090, 'Jodhpur', 29),
(1091, 'Kota', 29),
(1092, 'Lachhmangarh', 29),
(1093, 'Ladnu', 29),
(1094, 'Lakheri', 29),
(1095, 'Lalsot', 29),
(1096, 'Losal', 29),
(1097, 'Makrana', 29),
(1098, 'Malpura', 29),
(1099, 'Mandalgarh', 29),
(1100, 'Mandawa', 29),
(1101, 'Mangrol', 29),
(1102, 'Merta City', 29),
(1103, 'Mount Abu', 29),
(1104, 'Nadbai', 29),
(1105, 'Nagar', 29),
(1106, 'Nagaur', 29),
(1107, 'Nargund', 29),
(1108, 'Nasirabad', 29),
(1109, 'Nathdwara', 29),
(1110, 'Navalgund', 29),
(1111, 'Nawalgarh', 29),
(1112, 'Neem-Ka-Thana', 29),
(1113, 'Nelamangala', 29),
(1114, 'Nimbahera', 29),
(1115, 'Nipani', 29),
(1116, 'Niwai', 29),
(1117, 'Nohar', 29),
(1118, 'Nokha', 29),
(1119, 'Pali', 29),
(1120, 'Phalodi', 29),
(1121, 'Phulera', 29),
(1122, 'Pilani', 29),
(1123, 'Pilibanga', 29),
(1124, 'Pindwara', 29),
(1125, 'Pipar City', 29),
(1126, 'Prantij', 29),
(1127, 'Pratapgarh', 29),
(1128, 'Raisinghnagar', 29),
(1129, 'Rajakhera', 29),
(1130, 'Rajaldesar', 29),
(1131, 'Rajgarh (Alwar)', 29),
(1132, 'Rajgarh (Churu', 29),
(1133, 'Rajsamand', 29),
(1134, 'Ramganj Mandi', 29),
(1135, 'Ramngarh', 29),
(1136, 'Ratangarh', 29),
(1137, 'Rawatbhata', 29),
(1138, 'Rawatsar', 29),
(1139, 'Reengus', 29),
(1140, 'Sadri', 29),
(1141, 'Sadulshahar', 29),
(1142, 'Sagwara', 29),
(1143, 'Sambhar', 29),
(1144, 'Sanchore', 29),
(1145, 'Sangaria', 29),
(1146, 'Sardarshahar', 29),
(1147, 'Sawai Madhopur', 29),
(1148, 'Shahpura', 29),
(1149, 'Shahpura', 29),
(1150, 'Sheoganj', 29),
(1151, 'Sikar', 29),
(1152, 'Sirohi', 29),
(1153, 'Sojat', 29),
(1154, 'Sri Madhopur', 29),
(1155, 'Sujangarh', 29),
(1156, 'Sumerpur', 29),
(1157, 'Suratgarh', 29),
(1158, 'Taranagar', 29),
(1159, 'Todabhim', 29),
(1160, 'Todaraisingh', 29),
(1161, 'Tonk', 29),
(1162, 'Udaipur', 29),
(1163, 'Udaipurwati', 29),
(1164, 'Vijainagar', 29),
(1165, 'Gangtok', 30),
(1166, 'Calcutta', 35),
(1167, 'Arakkonam', 31),
(1168, 'Arcot', 31),
(1169, 'Aruppukkottai', 31),
(1170, 'Bhavani', 31),
(1171, 'Chengalpattu', 31),
(1172, 'Chennai', 31),
(1173, 'Chinna salem', 31),
(1174, 'Coimbatore', 31),
(1175, 'Coonoor', 31),
(1176, 'Cuddalore', 31),
(1177, 'Dharmapuri', 31),
(1178, 'Dindigul', 31),
(1179, 'Erode', 31),
(1180, 'Gudalur', 31),
(1181, 'Gudalur', 31),
(1182, 'Gudalur', 31),
(1183, 'Kanchipuram', 31),
(1184, 'Karaikudi', 31),
(1185, 'Karungal', 31),
(1186, 'Karur', 31),
(1187, 'Kollankodu', 31),
(1188, 'Lalgudi', 31),
(1189, 'Madurai', 31),
(1190, 'Nagapattinam', 31),
(1191, 'Nagercoil', 31),
(1192, 'Namagiripettai', 31),
(1193, 'Namakkal', 31),
(1194, 'Nandivaram-Guduvancheri', 31),
(1195, 'Nanjikottai', 31),
(1196, 'Natham', 31),
(1197, 'Nellikuppam', 31),
(1198, 'Neyveli', 31),
(1199, 'O'' Valley', 31),
(1200, 'Oddanchatram', 31),
(1201, 'P.N.Patti', 31),
(1202, 'Pacode', 31),
(1203, 'Padmanabhapuram', 31),
(1204, 'Palani', 31),
(1205, 'Palladam', 31),
(1206, 'Pallapatti', 31),
(1207, 'Pallikonda', 31),
(1208, 'Panagudi', 31),
(1209, 'Panruti', 31),
(1210, 'Paramakudi', 31),
(1211, 'Parangipettai', 31),
(1212, 'Pattukkottai', 31),
(1213, 'Perambalur', 31),
(1214, 'Peravurani', 31),
(1215, 'Periyakulam', 31),
(1216, 'Periyasemur', 31),
(1217, 'Pernampattu', 31),
(1218, 'Pollachi', 31),
(1219, 'Polur', 31),
(1220, 'Ponneri', 31),
(1221, 'Pudukkottai', 31),
(1222, 'Pudupattinam', 31),
(1223, 'Puliyankudi', 31),
(1224, 'Punjaipugalur', 31),
(1225, 'Rajapalayam', 31),
(1226, 'Ramanathapuram', 31),
(1227, 'Rameshwaram', 31),
(1228, 'Rasipuram', 31),
(1229, 'Salem', 31),
(1230, 'Sankarankoil', 31),
(1231, 'Sankari', 31),
(1232, 'Sathyamangalam', 31),
(1233, 'Sattur', 31),
(1234, 'Shenkottai', 31),
(1235, 'Sholavandan', 31),
(1236, 'Sholingur', 31),
(1237, 'Sirkali', 31),
(1238, 'Sivaganga', 31),
(1239, 'Sivagiri', 31),
(1240, 'Sivakasi', 31),
(1241, 'Srivilliputhur', 31),
(1242, 'Surandai', 31),
(1243, 'Suriyampalayam', 31),
(1244, 'Tenkasi', 31),
(1245, 'Thammampatti', 31),
(1246, 'Thanjavur', 31),
(1247, 'Tharamangalam', 31),
(1248, 'Tharangambadi', 31),
(1249, 'Theni Allinagaram', 31),
(1250, 'Thirumangalam', 31),
(1251, 'Thirunindravur', 31),
(1252, 'Thiruparappu', 31),
(1253, 'Thirupuvanam', 31),
(1254, 'Thiruthuraipoondi', 31),
(1255, 'Thiruvallur', 31),
(1256, 'Thiruvarur', 31),
(1257, 'Thoothukudi', 31),
(1258, 'Thuraiyur', 31),
(1259, 'Tindivanam', 31),
(1260, 'Tiruchendur', 31),
(1261, 'Tiruchengode', 31),
(1262, 'Tiruchirappalli', 31),
(1263, 'Tirukalukundram', 31),
(1264, 'Tirukkoyilur', 31),
(1265, 'Tirunelveli', 31),
(1266, 'Tirupathur', 31),
(1267, 'Tirupathur', 31),
(1268, 'Tiruppur', 31),
(1269, 'Tiruttani', 31),
(1270, 'Tiruvannamalai', 31),
(1271, 'Tiruvethipuram', 31),
(1272, 'Tittakudi', 31),
(1273, 'Udhagamandalam', 31),
(1274, 'Udumalaipettai', 31),
(1275, 'Unnamalaikadai', 31),
(1276, 'Usilampatti', 31),
(1277, 'Uthamapalayam', 31),
(1278, 'Uthiramerur', 31),
(1279, 'Vadakkuvalliyur', 31),
(1280, 'Vadalur', 31),
(1281, 'Vadipatti', 31),
(1282, 'Valparai', 31),
(1283, 'Vandavasi', 31),
(1284, 'Vaniyambadi', 31),
(1285, 'Vedaranyam', 31),
(1286, 'Vellakoil', 31),
(1287, 'Vellore', 31),
(1288, 'Vikramasingapuram', 31),
(1289, 'Viluppuram', 31),
(1290, 'Virudhachalam', 31),
(1291, 'Virudhunagar', 31),
(1292, 'Viswanatham', 31),
(1293, 'Agartala', 32),
(1294, 'Badharghat', 32),
(1295, 'Dharmanagar', 32),
(1296, 'Indranagar', 32),
(1297, 'Jogendranagar', 32),
(1298, 'Kailasahar', 32),
(1299, 'Khowai', 32),
(1300, 'Pratapgarh', 32),
(1301, 'Udaipur', 32),
(1302, 'Achhnera', 33),
(1303, 'Adari', 33),
(1304, 'Agra', 33),
(1305, 'Aligarh', 33),
(1306, 'Allahabad', 33),
(1307, 'Amroha', 33),
(1308, 'Azamgarh', 33),
(1309, 'Bahraich', 33),
(1310, 'Ballia', 33),
(1311, 'Balrampur', 33),
(1312, 'Banda', 33),
(1313, 'Bareilly', 33),
(1314, 'Chandausi', 33),
(1315, 'Dadri', 33),
(1316, 'Deoria', 33),
(1317, 'Etawah', 33),
(1318, 'Fatehabad', 33),
(1319, 'Fatehpur', 33),
(1320, 'Fatehpur', 33),
(1321, 'Greater Noida', 33),
(1322, 'Hamirpur', 33),
(1323, 'Hardoi', 33),
(1324, 'Jajmau', 33),
(1325, 'Jaunpur', 33),
(1326, 'Jhansi', 33),
(1327, 'Kalpi', 33),
(1328, 'Kanpur', 33),
(1329, 'Kota', 33),
(1330, 'Laharpur', 33),
(1331, 'Lakhimpur', 33),
(1332, 'Lal Gopalganj Nindaura', 33),
(1333, 'Lalganj', 33),
(1334, 'Lalitpur', 33),
(1335, 'Lar', 33),
(1336, 'Loni', 33),
(1337, 'Lucknow', 33),
(1338, 'Mathura', 33),
(1339, 'Meerut', 33),
(1340, 'Modinagar', 33),
(1341, 'Muradnagar', 33),
(1342, 'Nagina', 33),
(1343, 'Najibabad', 33),
(1344, 'Nakur', 33),
(1345, 'Nanpara', 33),
(1346, 'Naraura', 33),
(1347, 'Naugawan Sadat', 33),
(1348, 'Nautanwa', 33),
(1349, 'Nawabganj', 33),
(1350, 'Nehtaur', 33),
(1351, 'NOIDA', 33),
(1352, 'Noorpur', 33),
(1353, 'Obra', 33),
(1354, 'Orai', 33),
(1355, 'Padrauna', 33),
(1356, 'Palia Kalan', 33),
(1357, 'Parasi', 33),
(1358, 'Phulpur', 33),
(1359, 'Pihani', 33),
(1360, 'Pilibhit', 33),
(1361, 'Pilkhuwa', 33),
(1362, 'Powayan', 33),
(1363, 'Pukhrayan', 33),
(1364, 'Puranpur', 33),
(1365, 'Purquazi', 33),
(1366, 'Purwa', 33),
(1367, 'Rae Bareli', 33),
(1368, 'Rampur', 33),
(1369, 'Rampur Maniharan', 33),
(1370, 'Rasra', 33),
(1371, 'Rath', 33),
(1372, 'Renukoot', 33),
(1373, 'Reoti', 33),
(1374, 'Robertsganj', 33),
(1375, 'Rudauli', 33),
(1376, 'Rudrapur', 33),
(1377, 'Sadabad', 33),
(1378, 'Safipur', 33),
(1379, 'Saharanpur', 33),
(1380, 'Sahaspur', 33),
(1381, 'Sahaswan', 33),
(1382, 'Sahawar', 33),
(1383, 'Sahjanwa', 33),
(1384, '"Saidpur', 33),
(1385, 'Sambhal', 33),
(1386, 'Samdhan', 33),
(1387, 'Samthar', 33),
(1388, 'Sandi', 33),
(1389, 'Sandila', 33),
(1390, 'Sardhana', 33),
(1391, 'Seohara', 33),
(1392, '"Shahabad', 33),
(1393, '"Shahabad', 33),
(1394, 'Shahganj', 33),
(1395, 'Shahjahanpur', 33),
(1396, 'Shamli', 33),
(1397, '"Shamsabad', 33),
(1398, '"Shamsabad', 33),
(1399, 'Sherkot', 33),
(1400, '"Shikarpur', 33),
(1401, 'Shikohabad', 33),
(1402, 'Shishgarh', 33),
(1403, 'Siana', 33),
(1404, 'Sikanderpur', 33),
(1405, 'Sikandra Rao', 33),
(1406, 'Sikandrabad', 33),
(1407, 'Sirsaganj', 33),
(1408, 'Sirsi', 33),
(1409, 'Sitapur', 33),
(1410, 'Soron', 33),
(1411, 'Suar', 33),
(1412, 'Sultanpur', 33),
(1413, 'Sumerpur', 33),
(1414, 'Tanda', 33),
(1415, 'Tanda', 33),
(1416, 'Tetri Bazar', 33),
(1417, 'Thakurdwara', 33),
(1418, 'Thana Bhawan', 33),
(1419, 'Tilhar', 33),
(1420, 'Tirwaganj', 33),
(1421, 'Tulsipur', 33),
(1422, 'Tundla', 33),
(1423, 'Unnao', 33),
(1424, 'Utraula', 33),
(1425, 'Varanasi', 33),
(1426, 'Vrindavan', 33),
(1427, 'Warhapur', 33),
(1428, 'Zaidpur', 33),
(1429, 'Zamania', 33),
(1430, 'Almora', 34),
(1431, 'Bazpur', 34),
(1432, 'Chamba', 34),
(1433, 'Dehradun', 34),
(1434, 'Haldwani', 34),
(1435, 'Haridwar', 34),
(1436, 'Jaspur', 34),
(1437, 'Kashipur', 34),
(1438, 'kichha', 34),
(1439, 'Kotdwara', 34),
(1440, 'Manglaur', 34),
(1441, 'Mussoorie', 34),
(1442, 'Nagla', 34),
(1443, 'Nainital', 34),
(1444, 'Pauri', 34),
(1445, 'Pithoragarh', 34),
(1446, 'Ramnagar', 34),
(1447, 'Rishikesh', 34),
(1448, 'Roorkee', 34),
(1449, 'Rudrapur', 34),
(1450, 'Sitarganj', 34),
(1451, 'Tehri', 34),
(1452, 'Muzaffarnagar', 33),
(1453, '"Adra', 33),
(1454, 'Alipurduar', 35),
(1455, 'Arambagh', 35),
(1456, 'Asansol', 35),
(1457, 'Baharampur', 35),
(1458, 'Bally', 35),
(1459, 'Balurghat', 35),
(1460, 'Bankura', 35),
(1461, 'Barakar', 35),
(1462, 'Barasat', 35),
(1463, 'Bardhaman', 35),
(1464, 'Bidhan Nagar', 35),
(1465, 'Chinsura', 35),
(1466, 'Contai', 35),
(1467, 'Cooch Behar', 35),
(1468, 'Darjeeling', 35),
(1469, 'Durgapur', 35),
(1470, 'Haldia', 35),
(1471, 'Howrah', 35),
(1472, 'Islampur', 35),
(1473, 'Jhargram', 35),
(1474, 'Kharagpur', 35),
(1475, 'Kolkata', 35),
(1476, 'Mainaguri', 35),
(1477, 'Mal', 35),
(1478, 'Mathabhanga', 35),
(1479, 'Medinipur', 35),
(1480, 'Memari', 35),
(1481, 'Monoharpur', 35),
(1482, 'Murshidabad', 35),
(1483, 'Nabadwip', 35),
(1484, 'Naihati', 35),
(1485, 'Panchla', 35),
(1486, 'Pandua', 35),
(1487, 'Paschim Punropara', 35),
(1488, 'Purulia', 35),
(1489, 'Raghunathpur', 35),
(1490, 'Raiganj', 35),
(1491, 'Rampurhat', 35),
(1492, 'Ranaghat', 35),
(1493, 'Sainthia', 35),
(1494, 'Santipur', 35),
(1495, 'Siliguri', 35),
(1496, 'Sonamukhi', 35),
(1497, 'Srirampore', 35),
(1498, 'Suri', 35),
(1499, 'Taki', 35),
(1500, 'Tamluk', 35),
(1501, 'Tarakeswar', 35),
(1502, 'Chikmagalur', 16),
(1503, 'Davanagere', 16),
(1504, 'Dharwad', 16),
(1505, 'Gadag', 16),
(1506, 'Chennai', 31),
(1507, 'Coimbatore', 31),
(1508, 'Barrackpur', 0),
(1509, 'Barwani', 0),
(1510, 'Basna', 0),
(1511, 'Bawal', 0),
(1512, 'Beawar', 0),
(1513, 'Berhampur', 0),
(1514, 'Bhajanpura', 0),
(1515, 'Bhandara', 0),
(1516, 'Bharatpur', 0),
(1517, 'Bharthana', 0),
(1518, 'Bhilai', 0),
(1519, 'Bhilwara', 0),
(1520, 'Bhinmal', 0),
(1521, 'Bhiwandi', 0),
(1522, 'Bhusawal', 0),
(1523, 'Bidar', 0),
(1524, 'Bijnaur', 0),
(1525, 'Bilara', 0),
(1527, 'Budaun', 0),
(1528, 'Bulandshahr', 0),
(1529, 'Burla', 0),
(1532, 'Chakeri', 0),
(1533, 'Champawat', 0),
(1534, 'Chandil', 0),
(1535, 'Chandrapur', 0),
(1536, 'Chapirevula', 0),
(1537, 'Charkhari', 0),
(1538, 'Charkhi Dadri', 0),
(1539, 'Chhindwara', 0),
(1540, 'Chiplun', 0),
(1541, 'Chitrakoot', 0),
(1542, 'Churu', 0),
(1543, 'Dalkhola', 0),
(1544, 'Damoh', 0),
(1545, 'Daund', 0),
(1546, 'Dehgam', 0),
(1547, 'Devgarh', 0),
(1548, 'Dhulian', 0),
(1549, 'Dumdum', 0),
(1550, 'Dwarka1', 0),
(1551, 'Etah', 0),
(1552, 'Faizabad', 0),
(1553, 'Falna', 0),
(1554, 'Farrukhabad', 0),
(1555, 'Fatehgarh', 0),
(1556, 'Fatehpur Chaurasi', 0),
(1557, 'Fatehpur Sikri', 0),
(1558, 'Firozabad', 0),
(1559, 'Gadchiroli', 0),
(1560, 'Gandhidham', 0),
(1561, 'Ganjam', 0),
(1562, 'Ghatampur', 0),
(1563, 'Ghatanji', 0),
(1564, 'Ghaziabad', 0),
(1565, 'Ghazipur', 0),
(1566, '10 Velha', 0),
(1567, 'Gokak', 0),
(1568, 'Gondiya', 0),
(1569, 'Gorakhpur', 0),
(1571, 'Guna', 0),
(1572, 'Hanumangarh', 0),
(1573, 'Harda', 0),
(1574, 'Harsawa', 0),
(1575, 'Hastinapur', 0),
(1576, 'Hathras', 0),
(1579, 'Jagadhri', 0),
(1580, 'Jais', 0),
(1581, 'Jaitaran', 0),
(1582, 'Jalgaon', 0),
(1583, 'Jalore', 0),
(1584, 'Jhabua', 0),
(1585, 'Jhalawar', 0),
(1586, 'Jhunjhunu', 0),
(1588, 'Junnar', 0),
(1589, 'Kailaras', 0),
(1590, 'Kalburgi', 0),
(1591, 'Kalimpong', 0),
(1592, 'Kamthi', 0),
(1593, 'Kanpur', 0),
(1594, 'Karad', 0),
(1595, 'Keylong', 0),
(1596, 'Kheri', 0),
(1598, 'Khurai', 0),
(1600, 'Kodad', 0),
(1601, 'Konnagar', 0),
(1602, 'Krishnanagar', 0),
(1603, 'Kuchinda', 0),
(1605, 'Madhyamgram', 0),
(1606, 'Mahabaleswar', 0),
(1608, 'Mahoba', 0),
(1609, 'Mahwa', 0),
(1614, 'Manesar', 0),
(1615, 'Mangalagiri', 0),
(1616, 'Mira-Bhayandar', 0),
(1617, 'Mirzapur', 0),
(1618, 'Mithapur', 0),
(1619, 'Mohania', 0),
(1620, 'Mokama', 0),
(1621, 'Moradabad', 0),
(1622, 'Mukatsar', 0),
(1623, 'Nagalapuram', 0);

-- --------------------------------------------------------

--
-- Table structure for table `countries`
--

CREATE TABLE `countries` (
  `Country_ID` int(11) NOT NULL,
  `Country_Name` varchar(100) NOT NULL DEFAULT ''
) ENGINE=MyISAM DEFAULT CHARSET=utf8;

--
-- Dumping data for table `countries`
--

INSERT INTO `countries` (`Country_ID`, `Country_Name`) VALUES
(1, 'Afghanistan'),
(2, 'Albania'),
(3, 'Algeria'),
(4, 'American Samoa'),
(5, 'Andorra'),
(6, 'Angola'),
(7, 'Anguilla'),
(8, 'Antarctica'),
(9, 'Antigua and Barbuda'),
(10, 'Argentina'),
(11, 'Armenia'),
(12, 'Aruba'),
(13, 'Australia'),
(14, 'Austria'),
(15, 'Azerbaijan'),
(16, 'Bahamas'),
(17, 'Bahrain'),
(18, 'Bangladesh'),
(19, 'Barbados'),
(20, 'Belarus'),
(21, 'Belgium'),
(22, 'Belize'),
(23, 'Benin'),
(24, 'Bermuda'),
(25, 'Bhutan'),
(26, 'Bolivia'),
(27, 'Bosnia and Herzegovina'),
(28, 'Botswana'),
(29, 'Bouvet Island'),
(30, 'Brazil'),
(31, 'British Indian Ocean Territory'),
(32, 'Brunei Darussalam'),
(33, 'Bulgaria'),
(34, 'Burkina Faso'),
(35, 'Burundi'),
(36, 'Cambodia'),
(37, 'Cameroon'),
(38, 'Canada'),
(39, 'Cape Verde'),
(40, 'Cayman Islands'),
(41, 'Central African Republic'),
(42, 'Chad'),
(43, 'Chile'),
(44, 'China'),
(45, 'Christmas Island'),
(46, 'Cocos (Keeling) Islands'),
(47, 'Colombia'),
(48, 'Comoros'),
(49, 'Congo'),
(50, 'Cook Islands'),
(51, 'Costa Rica'),
(52, 'Croatia (Hrvatska)'),
(53, 'Cuba'),
(54, 'Cyprus'),
(55, 'Czech Republic'),
(56, 'Denmark'),
(57, 'Djibouti'),
(58, 'Dominica'),
(59, 'Dominican Republic'),
(60, 'East Timor'),
(61, 'Ecuador'),
(62, 'Egypt'),
(63, 'El Salvador'),
(64, 'Equatorial Guinea'),
(65, 'Eritrea'),
(66, 'Estonia'),
(67, 'Ethiopia'),
(68, 'Falkland Islands (Malvinas)'),
(69, 'Faroe Islands'),
(70, 'Fiji'),
(71, 'Finland'),
(72, 'France'),
(73, 'France, Metropolitan'),
(74, 'French Guiana'),
(75, 'French Polynesia'),
(76, 'French Southern Territories'),
(77, 'Gabon'),
(78, 'Gambia'),
(79, 'Georgia'),
(80, 'Germany'),
(81, 'Ghana'),
(82, 'Gibraltar'),
(83, 'Guernsey'),
(84, 'Greece'),
(85, 'Greenland'),
(86, 'Grenada'),
(87, 'Guadeloupe'),
(88, 'Guam'),
(89, 'Guatemala'),
(90, 'Guinea'),
(91, 'Guinea-Bissau'),
(92, 'Guyana'),
(93, 'Haiti'),
(94, 'Heard and Mc Donald Islands'),
(95, 'Honduras'),
(96, 'Hong Kong'),
(97, 'Hungary'),
(98, 'Iceland'),
(99, 'India'),
(100, 'Isle of Man'),
(101, 'Indonesia'),
(102, 'Iran (Islamic Republic of)'),
(103, 'Iraq'),
(104, 'Ireland'),
(105, 'Israel'),
(106, 'Italy'),
(107, 'Ivory Coast'),
(108, 'Jersey'),
(109, 'Jamaica'),
(110, 'Japan'),
(111, 'Jordan'),
(112, 'Kazakhstan'),
(113, 'Kenya'),
(114, 'Kiribati'),
(115, 'Korea, Democratic People''s Republic of'),
(116, 'Korea, Republic of'),
(117, 'Kosovo'),
(118, 'Kuwait'),
(119, 'Kyrgyzstan'),
(120, 'Lao People''s Democratic Republic'),
(121, 'Latvia'),
(122, 'Lebanon'),
(123, 'Lesotho'),
(124, 'Liberia'),
(125, 'Libyan Arab Jamahiriya'),
(126, 'Liechtenstein'),
(127, 'Lithuania'),
(128, 'Luxembourg'),
(129, 'Macau'),
(130, 'Macedonia'),
(131, 'Madagascar'),
(132, 'Malawi'),
(133, 'Malaysia'),
(134, 'Maldives'),
(135, 'Mali'),
(136, 'Malta'),
(137, 'Marshall Islands'),
(138, 'Martinique'),
(139, 'Mauritania'),
(140, 'Mauritius'),
(141, 'Mayotte'),
(142, 'Mexico'),
(143, 'Micronesia, Federated States of'),
(144, 'Moldova, Republic of'),
(145, 'Monaco'),
(146, 'Mongolia'),
(147, 'Montenegro'),
(148, 'Montserrat'),
(149, 'Morocco'),
(150, 'Mozambique'),
(151, 'Myanmar'),
(152, 'Namibia'),
(153, 'Nauru'),
(154, 'Nepal'),
(155, 'Netherlands'),
(156, 'Netherlands Antilles'),
(157, 'New Caledonia'),
(158, 'New Zealand'),
(159, 'Nicaragua'),
(160, 'Niger'),
(161, 'Nigeria'),
(162, 'Niue'),
(163, 'Norfolk Island'),
(164, 'Northern Mariana Islands'),
(165, 'Norway'),
(166, 'Oman'),
(167, 'Pakistan'),
(168, 'Palau'),
(169, 'Palestine'),
(170, 'Panama'),
(171, 'Papua New Guinea'),
(172, 'Paraguay'),
(173, 'Peru'),
(174, 'Philippines'),
(175, 'Pitcairn'),
(176, 'Poland'),
(177, 'Portugal'),
(178, 'Puerto Rico'),
(179, 'Qatar'),
(180, 'Reunion'),
(181, 'Romania'),
(182, 'Russian Federation'),
(183, 'Rwanda'),
(184, 'Saint Kitts and Nevis'),
(185, 'Saint Lucia'),
(186, 'Saint Vincent and the Grenadines'),
(187, 'Samoa'),
(188, 'San Marino'),
(189, 'Sao Tome and Principe'),
(190, 'Saudi Arabia'),
(191, 'Senegal'),
(192, 'Serbia'),
(193, 'Seychelles'),
(194, 'Sierra Leone'),
(195, 'Singapore'),
(196, 'Slovakia'),
(197, 'Slovenia'),
(198, 'Solomon Islands'),
(199, 'Somalia'),
(200, 'South Africa'),
(201, 'South Georgia South Sandwich Islands'),
(202, 'Spain'),
(203, 'Sri Lanka'),
(204, 'St. Helena'),
(205, 'St. Pierre and Miquelon'),
(206, 'Sudan'),
(207, 'Suriname'),
(208, 'Svalbard and Jan Mayen Islands'),
(209, 'Swaziland'),
(210, 'Sweden'),
(211, 'Switzerland'),
(212, 'Syrian Arab Republic'),
(213, 'Taiwan'),
(214, 'Tajikistan'),
(215, 'Tanzania, United Republic of'),
(216, 'Thailand'),
(217, 'Togo'),
(218, 'Tokelau'),
(219, 'Tonga'),
(220, 'Trinidad and Tobago'),
(221, 'Tunisia'),
(222, 'Turkey'),
(223, 'Turkmenistan'),
(224, 'Turks and Caicos Islands'),
(225, 'Tuvalu'),
(226, 'Uganda'),
(227, 'Ukraine'),
(228, 'United Arab Emirates'),
(229, 'United Kingdom'),
(230, 'United States'),
(231, 'United States minor outlying islands'),
(232, 'Uruguay'),
(233, 'Uzbekistan'),
(234, 'Vanuatu'),
(235, 'Vatican City State'),
(236, 'Venezuela'),
(237, 'Vietnam'),
(238, 'Virgin Islands (British)'),
(239, 'Virgin Islands (U.S.)'),
(240, 'Wallis and Futuna Islands'),
(241, 'Western Sahara'),
(242, 'Yemen'),
(243, 'Yugoslavia'),
(244, 'Zaire'),
(245, 'Zambia'),
(246, 'Zimbabwe');

-- --------------------------------------------------------

--
-- Table structure for table `countrystate`
--

CREATE TABLE `countrystate` (
  `country` varchar(100) NOT NULL,
  `state` varchar(100) NOT NULL
) ENGINE=InnoDB DEFAULT CHARSET=latin1;

-- --------------------------------------------------------

--
-- Table structure for table `forgotpassword`
--

CREATE TABLE `forgotpassword` (
  `email_id` varchar(100) NOT NULL,
  `temp_password` varchar(100) NOT NULL
) ENGINE=InnoDB DEFAULT CHARSET=latin1;

--
-- Dumping data for table `forgotpassword`
--

INSERT INTO `forgotpassword` (`email_id`, `temp_password`) VALUES
('ajinkyagurav21695@gmail.com', '1234');

-- --------------------------------------------------------

--
-- Table structure for table `friend_status`
--

CREATE TABLE `friend_status` (
  `eid1` varchar(40) NOT NULL,
  `eid2` varchar(40) NOT NULL,
  `requested` varchar(40) NOT NULL,
  `accepted` varchar(40) NOT NULL
) ENGINE=InnoDB DEFAULT CHARSET=latin1;

--
-- Dumping data for table `friend_status`
--

INSERT INTO `friend_status` (`eid1`, `eid2`, `requested`, `accepted`) VALUES
('1@gmail.com', 'a@gmail.com', '1', '0'),
('2@gmail.com', '1@gmail.com', '1', '1'),
('2@gmail.com', 'a@gmail.com', '0', '1');

-- --------------------------------------------------------

--
-- Table structure for table `posts`
--

CREATE TABLE `posts` (
  `user` varchar(100) NOT NULL,
  `title` varchar(40) NOT NULL,
  `message` varchar(200) NOT NULL
) ENGINE=InnoDB DEFAULT CHARSET=latin1;

-- --------------------------------------------------------

--
-- Table structure for table `profile`
--

CREATE TABLE `profile` (
  `email_id` varchar(100) NOT NULL,
  `picture` varchar(100) NOT NULL,
  `bio` varchar(100) NOT NULL,
  `country` varchar(100) NOT NULL,
  `state` varchar(100) NOT NULL,
  `city` varchar(100) NOT NULL,
  `area` varchar(100) NOT NULL,
  `status` varchar(100) NOT NULL,
  `mobileNo` varchar(100) NOT NULL,
  `privacyStatus` varchar(100) NOT NULL
) ENGINE=InnoDB DEFAULT CHARSET=latin1;

--
-- Dumping data for table `profile`
--

INSERT INTO `profile` (`email_id`, `picture`, `bio`, `country`, `state`, `city`, `area`, `status`, `mobileNo`, `privacyStatus`) VALUES
('', '', '', '', '', '', '', '', '', ''),
('1@gmail.com', 'User_Images/1.jpg', '', '99', '2', '3', '', '', '9999999999', ''),
('2@gmail.com', 'User_Images/2.jpg', '', '99', '2', '3', '', '', '2', ''),
('a@gmail.com', 'User_Images/1.jpg', '', '', '', '', '', '', '', ''),
('ajinkyagurav21695@gmail.com', 'User_Images/avatar.png', '', '99', '20', '849', '', '', '9999999999', '');

-- --------------------------------------------------------

--
-- Table structure for table `skillset`
--

CREATE TABLE `skillset` (
  `Id` int(250) DEFAULT NULL,
  `Skillname` varchar(100) NOT NULL
) ENGINE=InnoDB DEFAULT CHARSET=latin1;

--
-- Dumping data for table `skillset`
--

INSERT INTO `skillset` (`Id`, `Skillname`) VALUES
(1, 'Bike Driving'),
(2, 'Bi-Cycle Driving\r\n'),
(3, 'Car Driving'),
(4, 'Sewing'),
(5, 'Decoration'),
(6, 'Event Management'),
(7, 'Gardenning'),
(8, 'Cooking'),
(9, 'Baking'),
(10, 'Tie Knot'),
(11, 'video making,editing and Sound Mixing'),
(12, 'Beauty Tips'),
(13, 'Photography'),
(14, 'Calligraphy'),
(15, 'Entrepreneurship'),
(16, 'Legal Advises'),
(17, 'Communication Skills'),
(18, 'Time Management'),
(19, 'Fashion'),
(20, 'Festival Knowledge'),
(21, 'Treadmarketing'),
(22, 'Swimming'),
(23, 'Excel'),
(24, 'Rooting Phone'),
(25, 'Formatting Laptop'),
(26, 'Meditation'),
(27, 'General Mathematics'),
(28, 'Statistics'),
(29, 'Calculus'),
(30, 'Chemistry'),
(31, 'Physics'),
(32, 'Biology'),
(33, 'History'),
(34, 'Geography'),
(35, 'Economics'),
(36, 'Civics'),
(37, 'Politics'),
(38, 'Psychology'),
(39, 'Philosophy'),
(40, 'Engineering Graphics'),
(41, 'Mechanics'),
(42, 'C'),
(43, 'C++'),
(44, 'Java'),
(45, 'Python'),
(46, 'Web Development'),
(47, 'Mobile App Development'),
(48, 'Embedded System'),
(49, 'Micro-controller Programming'),
(50, 'Robotics'),
(51, 'Competitive Exams'),
(52, 'Interviews'),
(53, 'Career Guidance'),
(54, 'College Selection'),
(55, 'English'),
(56, 'German'),
(57, 'French'),
(58, 'Spanish'),
(59, 'Hindi'),
(60, 'Marathi'),
(61, 'Sanskrit'),
(62, 'Grammer'),
(63, 'Heart Care'),
(64, 'Diabetes Care'),
(65, 'Yoga'),
(66, 'Diet'),
(67, 'Home Remedies'),
(68, 'Baby Care'),
(69, 'Skin Care'),
(70, 'Aerobics'),
(71, 'Hair Care'),
(72, 'Dressing'),
(73, 'Mother care'),
(74, 'Sketching'),
(75, 'Painting'),
(76, '3-D Art'),
(77, 'Nail Art'),
(78, 'Dance'),
(79, 'Singing'),
(80, 'Drama'),
(81, 'Guitar'),
(82, 'Tabla'),
(83, 'Synthesizer'),
(84, 'Quelling'),
(85, 'Card Making'),
(86, 'Handcraft'),
(87, 'Cricket'),
(88, 'Badminton'),
(89, 'Tennis'),
(90, 'Table Tennis'),
(91, 'Hockey'),
(92, 'Chess'),
(93, 'Kabaddi');

-- --------------------------------------------------------

--
-- Table structure for table `skillsstatus`
--

CREATE TABLE `skillsstatus` (
  `eid1` varchar(40) NOT NULL,
  `eid2` varchar(40) NOT NULL,
  `requestedSkill` varchar(40) NOT NULL,
  `requested` varchar(40) NOT NULL,
  `accepted` varchar(40) NOT NULL
) ENGINE=InnoDB DEFAULT CHARSET=latin1;

--
-- Dumping data for table `skillsstatus`
--

INSERT INTO `skillsstatus` (`eid1`, `eid2`, `requestedSkill`, `requested`, `accepted`) VALUES
('1@gmail.com', '2@gmail.com', 'Literature', '1', '0');

-- --------------------------------------------------------

--
-- Table structure for table `states`
--

CREATE TABLE `states` (
  `State_ID` int(10) UNSIGNED NOT NULL,
  `State_Name` varchar(45) NOT NULL DEFAULT '',
  `Country_ID` varchar(45) NOT NULL DEFAULT ''
) ENGINE=InnoDB DEFAULT CHARSET=latin1;

--
-- Dumping data for table `states`
--

INSERT INTO `states` (`State_ID`, `State_Name`, `Country_ID`) VALUES
(1, 'Andaman and Nicobar islands', '99'),
(2, 'Andhra Pradesh', '99'),
(3, 'Arunachal Pradesh', '99'),
(4, 'Assam', '99'),
(5, 'Bihar', '99'),
(6, 'Chandigarh', '99'),
(7, 'Chhattisgarh', '99'),
(8, 'Dadra and Nagar Haveli', '99'),
(9, 'Daman and Diu', '99'),
(10, 'Goa', '99'),
(11, 'Gujarat', '99'),
(12, 'Haryana', '99'),
(13, 'Himachal Pradesh', '99'),
(14, 'Jammu and Kashmir', '99'),
(15, 'Jharkhand', '99'),
(16, 'Karnataka', '99'),
(17, 'Kerala', '99'),
(18, 'Lakshadweep', '99'),
(19, 'Madhya Pradesh', '99'),
(20, 'Maharashtra', '99'),
(21, 'Manipur', '99'),
(22, 'Meghalaya', '99'),
(23, 'Mizoram', '99'),
(24, 'Nagaland', '99'),
(25, 'National Capital Territory of Delhi', '99'),
(26, 'Odisha', '99'),
(27, 'Pondicherry', '99'),
(28, 'Punjab', '99'),
(29, 'Rajasthan', '99'),
(30, 'Sikkim', '99'),
(31, 'Tamil Nadu', '99'),
(32, 'Tripura', '99'),
(33, 'Uttar Pradesh', '99'),
(34, 'Uttarakhand', '99'),
(35, 'West Bengal', '99'),
(36, '', '99'),
(37, '', '99');

-- --------------------------------------------------------

--
-- Table structure for table `suggestion`
--

CREATE TABLE `suggestion` (
  `email_id` varchar(100) NOT NULL,
  `Message` varchar(100) NOT NULL
) ENGINE=InnoDB DEFAULT CHARSET=latin1;

-- --------------------------------------------------------

--
-- Table structure for table `trends`
--

CREATE TABLE `trends` (
  `skillname` varchar(100) NOT NULL,
  `count` int(10) NOT NULL
) ENGINE=InnoDB DEFAULT CHARSET=latin1;

--
-- Dumping data for table `trends`
--

INSERT INTO `trends` (`skillname`, `count`) VALUES
('Education', 10),
('Art', 15),
('Lifestyle', 6),
('Dancing', 25),
('Cooking', 17),
('Coding', 23),
('Gardening', 19),
('English Learning', 27),
('Communication', 18),
('Bicycle riding', 9),
('Hii', 30);

-- --------------------------------------------------------

--
-- Table structure for table `users`
--

CREATE TABLE `users` (
  `email_id` varchar(100) NOT NULL,
  `name` varchar(60) NOT NULL,
  `password` varchar(40) NOT NULL
) ENGINE=InnoDB DEFAULT CHARSET=latin1;

--
-- Dumping data for table `users`
--

INSERT INTO `users` (`email_id`, `name`, `password`) VALUES
('', ' ', ''),
('1@gmail.com', '1 1', '1'),
('2@gmail.com', '2 2', '2'),
('a@gmail.com', ' ', 'a'),
('ajinkyagurav21695@gmail.com', 'Ajinkya', 'ajinkya');

-- --------------------------------------------------------

--
-- Table structure for table `users_skills`
--

CREATE TABLE `users_skills` (
  `email` varchar(100) NOT NULL,
  `skill1` varchar(100) NOT NULL,
  `skill2` varchar(100) NOT NULL,
  `skill3` varchar(100) NOT NULL,
  `skill4` varchar(100) NOT NULL,
  `skill5` varchar(100) NOT NULL,
  `skill6` varchar(100) NOT NULL,
  `skill7` varchar(100) NOT NULL,
  `skill8` varchar(100) NOT NULL,
  `skill9` varchar(100) NOT NULL,
  `skill10` varchar(100) NOT NULL,
  `skill11` varchar(100) NOT NULL,
  `skill12` varchar(100) NOT NULL,
  `skill13` varchar(100) NOT NULL,
  `skill14` varchar(100) NOT NULL,
  `skill15` varchar(100) NOT NULL,
  `req1` varchar(100) NOT NULL,
  `req2` varchar(100) NOT NULL,
  `req3` varchar(100) NOT NULL,
  `req4` varchar(100) NOT NULL,
  `req5` varchar(100) NOT NULL,
  `req6` varchar(100) NOT NULL,
  `req7` varchar(100) NOT NULL,
  `req8` varchar(100) NOT NULL,
  `req9` varchar(100) NOT NULL,
  `req10` varchar(100) NOT NULL
) ENGINE=InnoDB DEFAULT CHARSET=latin1;

--
-- Dumping data for table `users_skills`
--

INSERT INTO `users_skills` (`email`, `skill1`, `skill2`, `skill3`, `skill4`, `skill5`, `skill6`, `skill7`, `skill8`, `skill9`, `skill10`, `skill11`, `skill12`, `skill13`, `skill14`, `skill15`, `req1`, `req2`, `req3`, `req4`, `req5`, `req6`, `req7`, `req8`, `req9`, `req10`) VALUES
('1@gmail.com', 'Bike Driving', 'Sewing', 'Gardenning', 'video making,editing and Sound Mixing', 'Photography', 'Legal Advices', 'Time Management', 'Trademarketing', 'Rooting a Phone', 'Bi-Cycle Driving', 'Decoration', 'Cooking', 'Baking', 'Caligraphy', '', '', '', '', '', '', '', '', '', '', ''),
('2@gmail.com', 'a', 'b', 'c', 'd', 'e', 'f', 'g', 'h', 'i', 'j', 'k', 'l', 'm', 'n', 'o', 'p', 'q', 'r', 's', 't', 'u', 'v', 'w', 'x', 'y');

--
-- Indexes for dumped tables
--

--
-- Indexes for table `activity`
--
ALTER TABLE `activity`
  ADD PRIMARY KEY (`timestamp`),
  ADD KEY `email_id` (`email_id`),
  ADD KEY `email_id_2` (`email_id`),
  ADD KEY `email_id_3` (`email_id`),
  ADD KEY `email_id_4` (`email_id`);

--
-- Indexes for table `all_cities`
--
ALTER TABLE `all_cities`
  ADD PRIMARY KEY (`City_ID`);

--
-- Indexes for table `cities`
--
ALTER TABLE `cities`
  ADD PRIMARY KEY (`city_id`);

--
-- Indexes for table `countries`
--
ALTER TABLE `countries`
  ADD PRIMARY KEY (`Country_ID`);

--
-- Indexes for table `countrystate`
--
ALTER TABLE `countrystate`
  ADD PRIMARY KEY (`country`);

--
-- Indexes for table `forgotpassword`
--
ALTER TABLE `forgotpassword`
  ADD PRIMARY KEY (`email_id`),
  ADD KEY `email_id` (`email_id`);

--
-- Indexes for table `friend_status`
--
ALTER TABLE `friend_status`
  ADD PRIMARY KEY (`eid1`,`eid2`),
  ADD KEY `EMAIL_FK3` (`eid2`),
  ADD KEY `eid1` (`eid1`);

--
-- Indexes for table `posts`
--
ALTER TABLE `posts`
  ADD PRIMARY KEY (`user`,`title`),
  ADD KEY `user` (`user`);

--
-- Indexes for table `profile`
--
ALTER TABLE `profile`
  ADD PRIMARY KEY (`email_id`),
  ADD KEY `email_id` (`email_id`);

--
-- Indexes for table `skillsstatus`
--
ALTER TABLE `skillsstatus`
  ADD PRIMARY KEY (`eid1`,`eid2`),
  ADD KEY `eid1` (`eid1`),
  ADD KEY `eid2` (`eid2`);

--
-- Indexes for table `states`
--
ALTER TABLE `states`
  ADD PRIMARY KEY (`State_ID`);

--
-- Indexes for table `suggestion`
--
ALTER TABLE `suggestion`
  ADD KEY `email_id` (`email_id`);

--
-- Indexes for table `users`
--
ALTER TABLE `users`
  ADD PRIMARY KEY (`email_id`);

--
-- Indexes for table `users_skills`
--
ALTER TABLE `users_skills`
  ADD PRIMARY KEY (`email`),
  ADD KEY `email` (`email`);

--
-- AUTO_INCREMENT for dumped tables
--

--
-- AUTO_INCREMENT for table `all_cities`
--
ALTER TABLE `all_cities`
  MODIFY `City_ID` int(10) UNSIGNED NOT NULL AUTO_INCREMENT;
--
-- AUTO_INCREMENT for table `cities`
--
ALTER TABLE `cities`
  MODIFY `city_id` int(10) UNSIGNED NOT NULL AUTO_INCREMENT, AUTO_INCREMENT=1624;
--
-- AUTO_INCREMENT for table `countries`
--
ALTER TABLE `countries`
  MODIFY `Country_ID` int(11) NOT NULL AUTO_INCREMENT, AUTO_INCREMENT=493;
--
-- AUTO_INCREMENT for table `states`
--
ALTER TABLE `states`
  MODIFY `State_ID` int(10) UNSIGNED NOT NULL AUTO_INCREMENT, AUTO_INCREMENT=38;
--
-- Constraints for dumped tables
--

--
-- Constraints for table `activity`
--
ALTER TABLE `activity`
  ADD CONSTRAINT `EMAIL_FK` FOREIGN KEY (`email_id`) REFERENCES `users` (`email_id`) ON DELETE NO ACTION ON UPDATE CASCADE;

--
-- Constraints for table `forgotpassword`
--
ALTER TABLE `forgotpassword`
  ADD CONSTRAINT `EMAIL_FK1` FOREIGN KEY (`email_id`) REFERENCES `users` (`email_id`) ON DELETE NO ACTION ON UPDATE CASCADE;

--
-- Constraints for table `friend_status`
--
ALTER TABLE `friend_status`
  ADD CONSTRAINT `EMAIL_FK2` FOREIGN KEY (`eid1`) REFERENCES `users` (`email_id`) ON DELETE NO ACTION ON UPDATE CASCADE,
  ADD CONSTRAINT `EMAIL_FK3` FOREIGN KEY (`eid2`) REFERENCES `users` (`email_id`) ON DELETE NO ACTION ON UPDATE CASCADE;

--
-- Constraints for table `posts`
--
ALTER TABLE `posts`
  ADD CONSTRAINT `EMAIL_FK4` FOREIGN KEY (`user`) REFERENCES `users` (`email_id`) ON DELETE NO ACTION ON UPDATE CASCADE;

--
-- Constraints for table `profile`
--
ALTER TABLE `profile`
  ADD CONSTRAINT `EMAIL_FK5` FOREIGN KEY (`email_id`) REFERENCES `users` (`email_id`) ON DELETE NO ACTION ON UPDATE CASCADE;

--
-- Constraints for table `skillsstatus`
--
ALTER TABLE `skillsstatus`
  ADD CONSTRAINT `EMAIL_FK6` FOREIGN KEY (`eid1`) REFERENCES `users` (`email_id`) ON DELETE NO ACTION ON UPDATE CASCADE,
  ADD CONSTRAINT `EMAIL_FK7` FOREIGN KEY (`eid2`) REFERENCES `users` (`email_id`) ON DELETE NO ACTION ON UPDATE CASCADE;

--
-- Constraints for table `suggestion`
--
ALTER TABLE `suggestion`
  ADD CONSTRAINT `EMAIL_FK8` FOREIGN KEY (`email_id`) REFERENCES `users` (`email_id`) ON DELETE NO ACTION ON UPDATE CASCADE;

--
-- Constraints for table `users_skills`
--
ALTER TABLE `users_skills`
  ADD CONSTRAINT `EMAIL_FK9` FOREIGN KEY (`email`) REFERENCES `users` (`email_id`) ON DELETE NO ACTION ON UPDATE CASCADE;

/*!40101 SET CHARACTER_SET_CLIENT=@OLD_CHARACTER_SET_CLIENT */;
/*!40101 SET CHARACTER_SET_RESULTS=@OLD_CHARACTER_SET_RESULTS */;
/*!40101 SET COLLATION_CONNECTION=@OLD_COLLATION_CONNECTION */;
